{"cameraMode":{"drawMode":0,"name":"Shaded","section":"Shading Mode"},"sceneLighting":true,"audioPlay":false,"sceneViewState":{"showFog":true,"showMaterialUpdate":false,"showSkybox":true,"showFlares":true,"showImageEffects":true,"showParticleSystems":true},"in2DMode":false,"pivot":{"x":14.482698440551758,"y":3.888368606567383,"z":-92.23583221435547},"rotation":{"x":-0.03407702222466469,"y":0.8024460077285767,"z":-0.04603864997625351,"w":-0.5939697027206421},"size":28.942394256591798,"orthographic":false}