{"cameraMode":{"drawMode":0,"name":"Shaded","section":"Shading Mode"},"sceneLighting":false,"audioPlay":false,"sceneViewState":{"showFog":true,"showMaterialUpdate":true,"showSkybox":false,"showFlares":true,"showImageEffects":true,"showParticleSystems":true},"in2DMode":false,"pivot":{"x":-0.6963372230529785,"y":0.831062912940979,"z":-6.519803047180176},"rotation":{"x":0.2023264616727829,"y":0.3981548547744751,"z":-0.09049956500530243,"w":0.8901402950286865},"size":6.057204723358154,"orthographic":true}